date,source,medium,campaign,device,sessions,users,pageviews,conversions,revenue
2026-01-01,linkedin,paid,seo_growth,tablet,1409,1017,5636,22,16500
2026-01-01,google,paid,lead_gen_q1,tablet,1216,872,3648,7,3710
2026-01-01,newsletter,none,lead_gen_q1,desktop,1332,939,2664,50,58250
2026-01-01,linkedin,none,saas_demo,desktop,1306,986,2612,53,70225
2026-01-01,direct,organic,saas_demo,desktop,418,310,1254,11,6534
2026-01-02,newsletter,organic,brand_awareness,mobile,1336,1005,2672,51,49470
2026-01-02,facebook,email,lead_gen_q1,tablet,1230,933,4920,44,61864
2026-01-02,google,paid,seo_growth,desktop,242,171,484,54,42984
2026-01-02,facebook,paid,saas_demo,tablet,669,528,2007,15,13185
2026-01-02,newsletter,paid,lead_gen_q1,desktop,1499,1243,5996,45,30375
2026-01-03,linkedin,referral,seo_growth,mobile,877,661,3508,49,52430
2026-01-03,linkedin,email,saas_demo,mobile,165,142,495,22,12474
2026-01-03,facebook,paid,lead_gen_q1,tablet,1442,1153,5768,34,21964
2026-01-03,newsletter,none,saas_demo,mobile,1249,1008,4996,42,39396
2026-01-03,google,paid,lead_gen_q1,tablet,383,307,766,53,29044
2026-01-04,direct,email,saas_demo,tablet,964,789,2892,29,32190
2026-01-04,newsletter,referral,saas_demo,mobile,123,102,246,48,67488
2026-01-04,facebook,email,lead_gen_q1,tablet,701,551,2103,5,7380
2026-01-04,newsletter,email,lead_gen_q1,mobile,317,277,951,58,66932
2026-01-04,newsletter,organic,saas_demo,desktop,865,737,3460,54,77976
2026-01-05,facebook,paid,seo_growth,mobile,139,100,417,58,76908
2026-01-05,google,email,lead_gen_q1,mobile,1261,1121,2522,51,50847
2026-01-05,newsletter,email,brand_awareness,mobile,1451,1153,5804,15,11565
2026-01-05,facebook,none,saas_demo,desktop,1204,1024,4816,17,20910
2026-01-05,facebook,organic,lead_gen_q1,tablet,1159,915,2318,19,10735
2026-01-06,linkedin,organic,seo_growth,desktop,551,386,2204,45,25200
2026-01-06,linkedin,email,lead_gen_q1,tablet,245,196,735,47,46859
2026-01-06,direct,paid,seo_growth,mobile,1269,1034,2538,55,54120
2026-01-06,google,organic,seo_growth,desktop,1449,1139,4347,31,30318
2026-01-06,linkedin,email,brand_awareness,mobile,794,682,1588,20,13920
2026-01-07,google,none,seo_growth,mobile,964,710,2892,20,27900
2026-01-07,linkedin,paid,brand_awareness,desktop,1435,1291,2870,10,14480
2026-01-07,direct,organic,brand_awareness,desktop,1085,805,3255,8,5344
2026-01-07,newsletter,none,lead_gen_q1,mobile,1031,780,4124,51,66402
2026-01-07,newsletter,organic,saas_demo,mobile,707,525,1414,42,52626
2026-01-08,linkedin,organic,seo_growth,mobile,202,165,808,59,61537
2026-01-08,direct,organic,lead_gen_q1,tablet,240,196,960,60,44400
2026-01-08,newsletter,email,saas_demo,desktop,1317,932,2634,31,36363
2026-01-08,direct,paid,saas_demo,desktop,518,431,1554,20,15420
2026-01-08,newsletter,email,seo_growth,mobile,747,661,1494,5,4845
2026-01-09,facebook,organic,lead_gen_q1,desktop,1201,891,3603,13,18915
2026-01-09,newsletter,email,seo_growth,tablet,683,499,2732,50,40450
2026-01-09,linkedin,referral,seo_growth,mobile,1235,938,4940,11,16071
2026-01-09,facebook,paid,saas_demo,tablet,1233,901,3699,43,30745
2026-01-09,direct,referral,seo_growth,mobile,1100,825,2200,10,11490
2026-01-10,direct,email,brand_awareness,tablet,783,668,3132,21,13965
2026-01-10,google,referral,lead_gen_q1,desktop,119,85,476,14,14812
2026-01-10,google,referral,lead_gen_q1,tablet,361,255,1083,55,82225
2026-01-10,direct,email,lead_gen_q1,mobile,611,509,1833,54,57942
2026-01-10,linkedin,referral,brand_awareness,tablet,432,386,864,31,16275
2026-01-11,google,none,lead_gen_q1,mobile,608,458,2432,11,9801
2026-01-11,linkedin,none,saas_demo,desktop,1042,802,2084,19,9956
2026-01-11,newsletter,none,saas_demo,mobile,242,216,726,27,31212
2026-01-11,facebook,organic,seo_growth,tablet,336,294,1008,16,17504
2026-01-11,newsletter,organic,brand_awareness,tablet,989,760,2967,32,35840
2026-01-12,newsletter,email,lead_gen_q1,desktop,489,367,1956,32,16032
2026-01-12,facebook,organic,saas_demo,tablet,983,701,3932,26,29588
2026-01-12,facebook,email,lead_gen_q1,mobile,733,610,2199,30,36390
2026-01-12,linkedin,email,saas_demo,desktop,961,800,2883,48,60768
2026-01-12,direct,email,saas_demo,desktop,1222,1059,3666,23,16445
2026-01-13,linkedin,organic,saas_demo,tablet,1004,791,2008,37,36408
2026-01-13,linkedin,referral,lead_gen_q1,mobile,1459,1205,4377,10,13380
2026-01-13,google,none,brand_awareness,tablet,401,282,802,35,39375
2026-01-13,direct,paid,lead_gen_q1,tablet,1278,944,5112,29,29174
2026-01-13,linkedin,paid,brand_awareness,mobile,111,97,222,54,50490
2026-01-14,direct,email,saas_demo,desktop,1241,930,2482,34,21624
2026-01-14,newsletter,none,lead_gen_q1,tablet,1354,1168,5416,32,43200
2026-01-14,facebook,email,brand_awareness,tablet,1072,846,2144,58,66816
2026-01-14,linkedin,referral,saas_demo,desktop,589,444,1178,50,39600
2026-01-14,linkedin,paid,seo_growth,desktop,1206,863,2412,19,16948
2026-01-15,linkedin,none,brand_awareness,tablet,934,715,2802,31,17453
2026-01-15,google,referral,saas_demo,desktop,140,121,560,29,28652
2026-01-15,newsletter,paid,brand_awareness,mobile,958,773,3832,39,51441
2026-01-15,direct,paid,brand_awareness,mobile,658,517,1316,29,24476
2026-01-15,google,organic,brand_awareness,mobile,1374,1108,4122,42,45234
2026-01-16,linkedin,none,saas_demo,desktop,1045,769,3135,29,24215
2026-01-16,google,none,seo_growth,tablet,876,661,2628,21,28434
2026-01-16,google,organic,seo_growth,mobile,1204,855,3612,19,22135
2026-01-16,linkedin,none,seo_growth,tablet,508,440,2032,14,10416
2026-01-16,linkedin,email,seo_growth,mobile,546,432,1638,54,47358
2026-01-17,direct,none,lead_gen_q1,mobile,737,531,1474,24,26136
2026-01-17,facebook,email,seo_growth,tablet,1312,1099,5248,20,12080
2026-01-17,google,email,saas_demo,mobile,184,141,552,47,41313
2026-01-17,facebook,none,lead_gen_q1,desktop,960,829,1920,32,47456
2026-01-17,newsletter,none,brand_awareness,desktop,460,389,1840,22,24860
2026-01-18,google,referral,brand_awareness,mobile,1313,989,2626,58,84506
2026-01-18,google,none,saas_demo,mobile,1051,855,4204,29,24476
2026-01-18,newsletter,referral,seo_growth,tablet,1098,815,3294,26,20436
2026-01-18,newsletter,paid,brand_awareness,tablet,491,352,1964,31,31000
2026-01-18,linkedin,none,lead_gen_q1,desktop,1105,872,2210,10,8010
2026-01-19,facebook,none,saas_demo,desktop,1459,1190,4377,40,41720
2026-01-19,linkedin,referral,seo_growth,tablet,1029,776,3087,19,11837
2026-01-19,linkedin,none,saas_demo,tablet,1197,1065,4788,16,11136
2026-01-19,google,paid,saas_demo,mobile,1307,1170,5228,43,33927
2026-01-19,linkedin,referral,seo_growth,mobile,839,617,1678,50,52300
2026-01-20,direct,organic,seo_growth,tablet,1233,935,2466,45,62505
2026-01-20,google,referral,brand_awareness,mobile,682,541,2046,26,17888
2026-01-20,google,paid,lead_gen_q1,tablet,233,181,466,41,46904
2026-01-20,direct,email,lead_gen_q1,tablet,722,517,1444,12,12852
2026-01-20,newsletter,none,saas_demo,tablet,879,694,2637,24,33120
2026-01-21,linkedin,paid,saas_demo,tablet,1371,976,5484,11,16170
2026-01-21,linkedin,organic,brand_awareness,desktop,266,194,532,40,23040
2026-01-21,facebook,none,seo_growth,tablet,1316,1044,2632,19,15105
2026-01-21,linkedin,none,seo_growth,tablet,578,511,2312,42,49434
2026-01-21,google,organic,lead_gen_q1,desktop,560,464,1680,57,36765
2026-01-22,google,none,saas_demo,tablet,1318,1120,5272,23,21827
2026-01-22,direct,organic,seo_growth,desktop,924,821,3696,39,39195
2026-01-22,newsletter,email,seo_growth,tablet,760,623,1520,10,7340
2026-01-22,direct,referral,lead_gen_q1,tablet,651,530,1302,35,36085
2026-01-22,facebook,none,saas_demo,desktop,992,820,2976,10,9810
2026-01-23,direct,referral,brand_awareness,tablet,1472,1061,2944,26,23946
2026-01-23,google,none,seo_growth,tablet,175,138,525,21,17451
2026-01-23,facebook,email,brand_awareness,tablet,1211,959,2422,17,17510
2026-01-23,linkedin,referral,brand_awareness,tablet,1005,856,2010,22,23364
2026-01-23,linkedin,paid,saas_demo,tablet,1092,790,4368,43,56674
2026-01-24,google,none,seo_growth,tablet,128,103,256,19,25859
2026-01-24,facebook,none,brand_awareness,desktop,415,331,1660,23,23483
2026-01-24,newsletter,email,lead_gen_q1,mobile,599,474,1198,29,20155
2026-01-24,newsletter,referral,seo_growth,desktop,665,568,1995,26,37856
2026-01-24,linkedin,none,brand_awareness,desktop,711,616,2844,47,47047
2026-01-25,facebook,paid,lead_gen_q1,tablet,780,632,3120,29,28014
2026-01-25,direct,none,brand_awareness,tablet,884,660,2652,7,5775
2026-01-25,newsletter,email,saas_demo,mobile,1435,1285,4305,7,4403
2026-01-25,linkedin,none,lead_gen_q1,mobile,1001,720,3003,5,6195
2026-01-25,direct,organic,saas_demo,tablet,1061,908,3183,26,29588
2026-01-26,direct,email,seo_growth,tablet,1192,924,3576,45,55575
2026-01-26,google,none,seo_growth,tablet,240,179,960,23,16836
2026-01-26,google,organic,saas_demo,mobile,305,240,1220,24,34200
2026-01-26,newsletter,none,lead_gen_q1,mobile,700,540,2100,14,10500
2026-01-26,linkedin,none,lead_gen_q1,mobile,458,327,1374,44,52756
2026-01-27,google,none,saas_demo,tablet,1044,863,3132,21,24822
2026-01-27,facebook,none,saas_demo,desktop,1219,891,3657,27,29727
2026-01-27,google,paid,brand_awareness,tablet,718,531,2154,59,58646
2026-01-27,direct,referral,seo_growth,tablet,835,680,3340,23,12006
2026-01-27,facebook,paid,saas_demo,mobile,200,176,800,36,48672
2026-01-28,linkedin,organic,seo_growth,desktop,1403,1035,4209,48,61104
2026-01-28,google,referral,saas_demo,tablet,1002,708,3006,51,32334
2026-01-28,facebook,email,saas_demo,mobile,950,698,1900,55,57860
2026-01-28,facebook,organic,brand_awareness,mobile,626,552,1878,56,44912
2026-01-28,direct,email,saas_demo,mobile,388,330,776,60,71520
2026-01-29,facebook,referral,brand_awareness,tablet,908,638,3632,12,11580
2026-01-29,newsletter,email,saas_demo,tablet,860,620,1720,35,18375
2026-01-29,facebook,none,seo_growth,mobile,553,458,2212,57,55575
2026-01-29,google,paid,lead_gen_q1,desktop,192,170,576,36,22248
2026-01-29,newsletter,none,lead_gen_q1,desktop,1029,796,4116,49,71932
2026-01-30,facebook,organic,saas_demo,mobile,1441,1037,4323,44,40348
2026-01-30,google,referral,saas_demo,mobile,1008,795,2016,59,51389
2026-01-30,direct,organic,lead_gen_q1,tablet,915,690,1830,59,79237
2026-01-30,facebook,paid,lead_gen_q1,tablet,1409,1154,2818,8,10440
2026-01-30,linkedin,paid,saas_demo,mobile,520,371,2080,18,19800
2026-01-31,facebook,paid,seo_growth,tablet,1320,924,2640,13,13689
2026-01-31,linkedin,email,saas_demo,mobile,152,110,456,55,71885
2026-01-31,newsletter,organic,seo_growth,desktop,456,343,912,52,48412
2026-01-31,direct,email,lead_gen_q1,tablet,1018,871,4072,42,25662
2026-01-31,direct,organic,seo_growth,desktop,188,158,752,38,30704
2026-02-01,direct,organic,seo_growth,desktop,922,724,1844,36,44244
2026-02-01,newsletter,email,saas_demo,desktop,1345,981,2690,22,25058
2026-02-01,direct,organic,seo_growth,tablet,1323,1066,3969,37,41403
2026-02-01,linkedin,none,brand_awareness,mobile,1433,1254,5732,51,70686
2026-02-01,google,referral,brand_awareness,desktop,947,727,2841,30,27750
2026-02-02,direct,organic,seo_growth,mobile,1462,1097,2924,48,69360
2026-02-02,linkedin,email,seo_growth,tablet,290,228,1160,52,45812
2026-02-02,facebook,none,seo_growth,desktop,1250,1015,5000,12,11040
2026-02-02,linkedin,paid,brand_awareness,mobile,1329,1013,2658,41,41779
2026-02-02,facebook,email,lead_gen_q1,desktop,321,247,1284,28,17276
2026-02-03,newsletter,organic,saas_demo,mobile,1248,1116,4992,44,52404
2026-02-03,google,paid,lead_gen_q1,tablet,469,353,1407,26,22334
2026-02-03,google,organic,lead_gen_q1,desktop,1446,1128,2892,52,59696
2026-02-03,facebook,email,seo_growth,mobile,959,758,1918,28,22932
2026-02-03,google,referral,brand_awareness,tablet,418,305,1672,8,9520
2026-02-04,linkedin,email,seo_growth,desktop,968,771,2904,31,24149
2026-02-04,direct,email,saas_demo,mobile,980,707,3920,48,53136
2026-02-04,linkedin,referral,lead_gen_q1,mobile,551,429,2204,8,4056
2026-02-04,direct,paid,lead_gen_q1,desktop,623,472,1246,5,5045
2026-02-04,facebook,organic,brand_awareness,tablet,1190,1000,4760,40,54120
2026-02-05,facebook,email,brand_awareness,tablet,186,146,558,9,12438
2026-02-05,direct,organic,saas_demo,mobile,928,781,2784,23,14191
2026-02-05,direct,organic,lead_gen_q1,desktop,1365,1081,5460,28,16520
2026-02-05,facebook,referral,lead_gen_q1,desktop,1306,1018,2612,30,41730
2026-02-05,newsletter,paid,saas_demo,desktop,444,317,1776,12,12516
2026-02-06,facebook,paid,lead_gen_q1,tablet,1421,1226,2842,11,7139
2026-02-06,direct,none,brand_awareness,tablet,413,351,1652,9,6129
2026-02-06,facebook,paid,brand_awareness,mobile,1256,1040,5024,25,34600
2026-02-06,newsletter,organic,saas_demo,tablet,1060,835,3180,55,42955
2026-02-06,facebook,referral,seo_growth,tablet,251,191,753,7,3906
2026-02-07,newsletter,email,seo_growth,desktop,284,233,1136,29,28217
2026-02-07,newsletter,paid,seo_growth,desktop,1270,1054,3810,43,42441
2026-02-07,newsletter,paid,seo_growth,mobile,311,268,933,50,29300
2026-02-07,linkedin,referral,saas_demo,desktop,996,894,3984,38,42712
2026-02-07,google,referral,seo_growth,desktop,893,698,2679,48,53376
2026-02-08,newsletter,paid,saas_demo,mobile,293,237,879,23,17434
2026-02-08,direct,paid,seo_growth,desktop,1293,1076,3879,24,35760
2026-02-08,newsletter,organic,brand_awareness,tablet,1244,964,3732,57,35910
2026-02-08,linkedin,referral,brand_awareness,mobile,841,591,2523,16,23568
2026-02-08,google,email,seo_growth,tablet,563,506,1126,9,7218
2026-02-09,direct,paid,lead_gen_q1,mobile,789,690,3156,13,14443
2026-02-09,google,none,saas_demo,tablet,1379,1188,2758,51,48348
2026-02-09,direct,paid,lead_gen_q1,desktop,586,523,2344,23,29210
2026-02-09,newsletter,none,brand_awareness,desktop,1060,933,2120,28,33432
2026-02-09,linkedin,email,lead_gen_q1,desktop,882,706,2646,15,20040
2026-02-10,google,email,seo_growth,desktop,206,170,618,40,58240
2026-02-10,newsletter,paid,brand_awareness,mobile,271,231,813,33,47091
2026-02-10,google,none,saas_demo,mobile,554,478,1662,6,5544
2026-02-10,facebook,organic,saas_demo,mobile,890,800,2670,19,10032
2026-02-10,linkedin,none,brand_awareness,tablet,381,269,1143,49,66199
2026-02-11,linkedin,email,brand_awareness,mobile,110,96,220,21,15120
2026-02-11,direct,email,brand_awareness,mobile,690,515,1380,8,5952
2026-02-11,google,email,lead_gen_q1,tablet,327,283,981,43,45064
2026-02-11,linkedin,email,brand_awareness,mobile,394,298,788,44,37884
2026-02-11,newsletter,email,seo_growth,desktop,1460,1217,5840,28,15932
2026-02-12,google,referral,seo_growth,desktop,1062,752,3186,28,21252
2026-02-12,newsletter,referral,lead_gen_q1,mobile,593,502,2372,11,14190
2026-02-12,direct,none,lead_gen_q1,mobile,821,664,3284,16,21600
2026-02-12,linkedin,organic,lead_gen_q1,mobile,229,193,687,7,5600
2026-02-12,newsletter,none,saas_demo,mobile,746,661,2984,30,40020
2026-02-13,google,referral,saas_demo,mobile,1424,1051,4272,60,77940
2026-02-13,direct,referral,lead_gen_q1,desktop,853,671,2559,52,49400
2026-02-13,google,none,seo_growth,desktop,1118,864,4472,22,29040
2026-02-13,facebook,organic,seo_growth,desktop,1333,1198,2666,39,31200
2026-02-13,direct,paid,brand_awareness,desktop,1453,1103,4359,43,53062
2026-02-14,facebook,organic,seo_growth,tablet,1015,719,3045,44,41580
2026-02-14,linkedin,organic,lead_gen_q1,tablet,1405,1097,5620,56,70952
2026-02-14,linkedin,referral,saas_demo,desktop,1488,1274,2976,13,7384
2026-02-14,facebook,referral,brand_awareness,mobile,1261,890,2522,48,46080
2026-02-14,facebook,paid,seo_growth,mobile,1275,927,3825,30,24630
2026-02-15,facebook,referral,brand_awareness,mobile,481,384,1443,40,24800
2026-02-15,linkedin,organic,brand_awareness,mobile,1353,1024,4059,17,10625
2026-02-15,facebook,organic,saas_demo,desktop,1011,909,4044,59,48793
2026-02-15,facebook,email,lead_gen_q1,mobile,422,355,1688,45,30510
2026-02-15,google,referral,saas_demo,desktop,511,438,1022,55,55275
2026-02-16,direct,none,brand_awareness,desktop,1229,892,2458,9,7344
2026-02-16,direct,none,saas_demo,mobile,1277,912,3831,46,26450
2026-02-16,linkedin,none,seo_growth,mobile,1229,1017,2458,54,80406
2026-02-16,linkedin,referral,saas_demo,mobile,1161,848,2322,15,12450
2026-02-16,facebook,email,seo_growth,tablet,613,453,2452,22,13816
2026-02-17,newsletter,email,saas_demo,tablet,1412,1036,5648,14,9450
2026-02-17,newsletter,referral,lead_gen_q1,tablet,184,159,368,10,5460
2026-02-17,newsletter,referral,saas_demo,desktop,953,784,1906,36,50760
2026-02-17,direct,organic,seo_growth,mobile,601,517,2404,30,24120
2026-02-17,newsletter,paid,saas_demo,tablet,1000,783,3000,18,15264
2026-02-18,facebook,email,seo_growth,desktop,753,637,2259,30,18990
2026-02-18,linkedin,organic,seo_growth,desktop,595,472,1785,33,24849
2026-02-18,linkedin,referral,saas_demo,mobile,886,773,2658,20,29700
2026-02-18,facebook,none,seo_growth,mobile,426,340,1704,34,34340
2026-02-18,facebook,organic,seo_growth,desktop,905,724,1810,18,19746
2026-02-19,facebook,email,seo_growth,mobile,1113,912,4452,48,47088
2026-02-19,direct,referral,seo_growth,desktop,982,713,2946,51,44574
2026-02-19,facebook,organic,brand_awareness,tablet,204,166,408,28,29848
2026-02-19,newsletter,organic,lead_gen_q1,mobile,1022,871,3066,57,64866
2026-02-19,facebook,paid,lead_gen_q1,tablet,906,701,2718,40,58440
2026-02-20,linkedin,referral,brand_awareness,tablet,1142,891,2284,7,3773
2026-02-20,newsletter,referral,lead_gen_q1,desktop,1035,755,4140,13,10855
2026-02-20,newsletter,email,brand_awareness,tablet,1362,1154,4086,42,35448
2026-02-20,google,none,saas_demo,tablet,1252,951,2504,28,23492
2026-02-20,newsletter,email,lead_gen_q1,tablet,1388,978,4164,21,31290
2026-02-21,newsletter,none,lead_gen_q1,tablet,205,167,410,38,43472
2026-02-21,google,none,saas_demo,desktop,596,420,2384,12,8340
2026-02-21,newsletter,none,seo_growth,tablet,410,320,820,31,31403
2026-02-21,direct,email,brand_awareness,desktop,382,307,1528,25,29450
2026-02-21,facebook,referral,brand_awareness,mobile,454,359,1816,26,27534
2026-02-22,facebook,referral,lead_gen_q1,tablet,604,456,1812,19,27816
2026-02-22,facebook,referral,seo_growth,tablet,1101,840,3303,40,58240
2026-02-22,linkedin,referral,seo_growth,desktop,1485,1200,4455,57,48621
2026-02-22,direct,paid,lead_gen_q1,tablet,261,200,783,46,35052
2026-02-22,google,email,lead_gen_q1,mobile,655,580,2620,22,14080
2026-02-23,linkedin,organic,seo_growth,desktop,203,169,812,19,21907
2026-02-23,linkedin,organic,lead_gen_q1,desktop,776,654,1552,48,61872
2026-02-23,linkedin,referral,saas_demo,desktop,1437,1274,4311,35,40810
2026-02-23,linkedin,email,seo_growth,mobile,1422,1012,2844,46,50002
2026-02-23,direct,none,lead_gen_q1,tablet,955,837,1910,7,9492
2026-02-24,newsletter,organic,saas_demo,desktop,692,605,1384,24,25944
2026-02-24,linkedin,email,brand_awareness,desktop,1030,924,4120,38,38190
2026-02-24,direct,referral,lead_gen_q1,mobile,494,425,1482,15,18720
2026-02-24,linkedin,paid,brand_awareness,desktop,790,677,3160,48,61200
2026-02-24,linkedin,paid,brand_awareness,desktop,1155,884,3465,47,28059
2026-02-25,facebook,referral,saas_demo,tablet,608,426,1824,20,19140
2026-02-25,linkedin,organic,seo_growth,desktop,1273,894,5092,28,33852
2026-02-25,facebook,organic,saas_demo,desktop,728,532,2912,37,53465
2026-02-25,direct,email,saas_demo,desktop,1358,1010,2716,35,22960
2026-02-25,linkedin,paid,seo_growth,tablet,1224,1080,4896,56,66080
2026-02-26,newsletter,organic,seo_growth,tablet,1014,816,3042,9,12951
2026-02-26,facebook,email,brand_awareness,mobile,1135,840,4540,14,9352
2026-02-26,newsletter,none,seo_growth,desktop,1493,1106,5972,36,21348
2026-02-26,newsletter,none,saas_demo,tablet,370,296,1110,41,22919
2026-02-26,newsletter,organic,seo_growth,desktop,144,112,288,52,37596
2026-02-27,google,none,seo_growth,desktop,805,676,3220,8,11656
2026-02-27,direct,referral,brand_awareness,desktop,937,689,1874,54,62424
2026-02-27,newsletter,paid,saas_demo,mobile,873,676,3492,47,65565
2026-02-27,linkedin,organic,seo_growth,desktop,465,417,1395,38,23940
2026-02-27,direct,paid,lead_gen_q1,desktop,1048,874,4192,32,33408
2026-02-28,google,organic,brand_awareness,tablet,808,590,1616,51,65433
2026-02-28,google,none,seo_growth,mobile,132,98,264,11,12188
2026-02-28,google,paid,saas_demo,mobile,190,148,380,39,28158
2026-02-28,facebook,paid,saas_demo,mobile,1279,976,5116,54,64152
2026-02-28,google,email,lead_gen_q1,tablet,1452,1167,4356,24,18744
2026-03-01,facebook,none,saas_demo,tablet,1490,1170,4470,8,11960
2026-03-01,newsletter,none,lead_gen_q1,mobile,952,744,2856,29,19952
2026-03-01,google,email,brand_awareness,desktop,715,623,1430,56,54544
2026-03-01,linkedin,referral,seo_growth,desktop,1241,1000,3723,20,15220
2026-03-01,google,referral,brand_awareness,tablet,859,617,3436,58,40310
2026-03-02,newsletter,email,lead_gen_q1,desktop,1338,1097,2676,17,22491
2026-03-02,google,paid,lead_gen_q1,tablet,527,460,1581,24,35496
2026-03-02,newsletter,paid,brand_awareness,mobile,340,288,1020,20,24240
2026-03-02,newsletter,referral,saas_demo,desktop,1230,940,3690,29,28333
2026-03-02,direct,referral,lead_gen_q1,desktop,836,670,2508,34,20400
2026-03-03,linkedin,organic,saas_demo,tablet,740,579,2960,60,43560
2026-03-03,linkedin,referral,lead_gen_q1,desktop,1296,1057,3888,23,15088
2026-03-03,facebook,referral,brand_awareness,tablet,1266,1097,3798,40,46800
2026-03-03,facebook,paid,lead_gen_q1,tablet,1414,1198,4242,15,18750
2026-03-03,google,email,seo_growth,mobile,1219,972,4876,46,68080
2026-03-04,linkedin,organic,lead_gen_q1,mobile,1468,1041,2936,31,19840
2026-03-04,newsletter,none,brand_awareness,mobile,547,438,1641,8,9056
2026-03-04,newsletter,referral,saas_demo,mobile,113,91,339,5,2585
2026-03-04,linkedin,organic,seo_growth,tablet,1128,973,4512,32,42400
2026-03-04,facebook,referral,brand_awareness,mobile,404,302,1616,38,28804
2026-03-05,linkedin,referral,seo_growth,tablet,864,770,2592,41,30709
2026-03-05,direct,email,brand_awareness,mobile,1430,1218,2860,30,26640
2026-03-05,direct,referral,seo_growth,tablet,1404,985,2808,10,10110
2026-03-05,facebook,organic,seo_growth,tablet,187,139,748,41,40426
2026-03-05,linkedin,referral,seo_growth,mobile,674,593,2696,47,25051
2026-03-06,google,referral,lead_gen_q1,tablet,1302,948,5208,57,51699
2026-03-06,newsletter,referral,brand_awareness,tablet,592,481,1776,48,68064
2026-03-06,newsletter,referral,seo_growth,mobile,386,331,1544,51,29580
2026-03-06,newsletter,email,brand_awareness,desktop,995,742,1990,26,29094
2026-03-06,facebook,email,brand_awareness,desktop,160,132,480,36,26388
2026-03-07,newsletter,referral,lead_gen_q1,tablet,480,401,1920,29,17023
2026-03-07,linkedin,none,saas_demo,desktop,250,179,500,29,35612
2026-03-07,facebook,organic,lead_gen_q1,mobile,318,228,954,33,28644
2026-03-07,direct,organic,seo_growth,mobile,483,379,1932,40,40960
2026-03-07,facebook,none,seo_growth,desktop,824,668,3296,43,56029
2026-03-08,newsletter,paid,lead_gen_q1,tablet,947,736,1894,51,72522
2026-03-08,direct,paid,seo_growth,mobile,879,645,2637,24,18576
2026-03-08,google,referral,saas_demo,mobile,990,747,2970,35,45535
2026-03-08,google,paid,saas_demo,mobile,1380,1102,5520,17,16456
2026-03-08,facebook,none,saas_demo,desktop,910,697,3640,29,38367
2026-03-09,newsletter,paid,brand_awareness,desktop,1433,1282,2866,24,19872
2026-03-09,direct,email,lead_gen_q1,desktop,463,413,1389,23,28796
2026-03-09,newsletter,paid,lead_gen_q1,tablet,870,657,2610,28,17248
2026-03-09,linkedin,none,saas_demo,tablet,1226,864,4904,34,49810
2026-03-09,linkedin,referral,lead_gen_q1,desktop,241,208,723,48,48528
2026-03-10,google,none,brand_awareness,tablet,1448,1058,4344,55,48730
2026-03-10,google,referral,seo_growth,mobile,920,742,3680,31,32736
2026-03-10,newsletter,organic,brand_awareness,desktop,608,505,1824,15,17430
2026-03-10,newsletter,email,lead_gen_q1,desktop,981,707,1962,21,15267
2026-03-10,newsletter,paid,saas_demo,mobile,866,673,3464,42,50694
2026-03-11,linkedin,referral,saas_demo,desktop,1088,784,3264,10,6180
2026-03-11,direct,organic,brand_awareness,tablet,1032,884,4128,35,29960
2026-03-11,google,organic,saas_demo,tablet,1026,783,3078,7,9303
2026-03-11,newsletter,paid,lead_gen_q1,desktop,323,269,646,52,38948
2026-03-11,direct,paid,lead_gen_q1,tablet,1246,978,3738,19,25004
2026-03-12,linkedin,none,brand_awareness,desktop,1446,1137,2892,52,58656
2026-03-12,google,email,seo_growth,tablet,109,91,218,22,27940
2026-03-12,facebook,none,saas_demo,tablet,482,372,964,34,20944
2026-03-12,facebook,none,lead_gen_q1,tablet,895,735,3580,12,10272
2026-03-12,linkedin,referral,seo_growth,mobile,709,626,2836,10,11880
2026-03-13,newsletter,none,brand_awareness,tablet,725,524,2175,49,31556
2026-03-13,newsletter,paid,lead_gen_q1,desktop,382,311,1146,16,15968
2026-03-13,newsletter,organic,saas_demo,mobile,691,503,2073,58,55738
2026-03-13,direct,none,brand_awareness,desktop,1092,794,3276,40,40680
2026-03-13,linkedin,referral,seo_growth,desktop,1009,804,2018,41,21771
2026-03-14,newsletter,none,seo_growth,tablet,560,452,1120,54,52272
2026-03-14,newsletter,organic,brand_awareness,tablet,333,250,1332,57,49875
2026-03-14,linkedin,referral,seo_growth,desktop,547,491,1094,52,70148
2026-03-14,google,paid,lead_gen_q1,tablet,638,491,1276,33,45738
2026-03-14,direct,paid,lead_gen_q1,mobile,1304,1092,5216,44,50468
2026-03-15,facebook,email,lead_gen_q1,desktop,523,450,2092,27,28215
2026-03-15,google,paid,brand_awareness,mobile,699,529,2097,59,60534
2026-03-15,linkedin,paid,lead_gen_q1,tablet,667,582,1334,49,67914
2026-03-15,linkedin,email,saas_demo,tablet,759,657,3036,30,30030
2026-03-15,google,none,saas_demo,tablet,948,734,1896,45,59085
2026-03-16,google,organic,brand_awareness,tablet,855,676,2565,25,27375
2026-03-16,direct,paid,brand_awareness,mobile,1460,1225,2920,55,57585
2026-03-16,newsletter,paid,brand_awareness,desktop,1113,838,3339,26,27560
2026-03-16,direct,organic,seo_growth,mobile,1497,1276,2994,11,12551
2026-03-16,linkedin,referral,lead_gen_q1,desktop,1003,793,3009,17,20485
2026-03-17,linkedin,organic,brand_awareness,tablet,291,241,873,10,8800
2026-03-17,google,organic,seo_growth,mobile,725,612,1450,32,37472
2026-03-17,direct,organic,seo_growth,tablet,1076,769,4304,19,19589
2026-03-17,direct,organic,lead_gen_q1,desktop,803,693,2409,49,31115
2026-03-17,facebook,referral,lead_gen_q1,desktop,282,238,564,11,9020
2026-03-18,newsletter,email,seo_growth,tablet,372,308,1488,14,7980
2026-03-18,linkedin,none,brand_awareness,mobile,1431,1048,4293,51,36618
2026-03-18,newsletter,none,saas_demo,desktop,277,243,554,53,33178
2026-03-18,google,paid,saas_demo,tablet,744,638,1488,22,25520
2026-03-18,newsletter,email,lead_gen_q1,tablet,154,133,616,24,17040
2026-03-19,linkedin,none,brand_awareness,mobile,902,684,1804,55,78045
2026-03-19,google,referral,saas_demo,mobile,593,474,2372,9,9360
2026-03-19,newsletter,paid,brand_awareness,mobile,892,777,3568,31,27094
2026-03-19,google,organic,brand_awareness,tablet,134,109,268,21,15120
2026-03-19,direct,none,seo_growth,tablet,686,566,2744,54,49950
2026-03-20,facebook,organic,lead_gen_q1,mobile,1198,967,2396,22,12870
2026-03-20,google,referral,brand_awareness,tablet,1198,916,4792,45,57645
2026-03-20,direct,email,seo_growth,desktop,588,418,1176,32,19776
2026-03-20,google,paid,seo_growth,mobile,1464,1241,5856,16,9952
2026-03-20,facebook,paid,saas_demo,mobile,1116,993,4464,38,49438
2026-03-21,google,referral,brand_awareness,desktop,650,550,1300,54,76734
2026-03-21,google,none,brand_awareness,tablet,1172,835,4688,41,46822
2026-03-21,linkedin,referral,seo_growth,tablet,837,595,3348,15,13140
2026-03-21,google,organic,seo_growth,mobile,1480,1249,2960,52,53092
2026-03-21,google,email,brand_awareness,mobile,194,154,582,14,9562
2026-03-22,google,email,saas_demo,mobile,759,568,3036,25,19425
2026-03-22,newsletter,organic,brand_awareness,mobile,1128,941,2256,16,11648
2026-03-22,newsletter,none,seo_growth,desktop,1052,918,3156,25,14700
2026-03-22,linkedin,none,saas_demo,tablet,510,386,1530,52,59124
2026-03-22,newsletter,paid,lead_gen_q1,mobile,1110,998,2220,51,72522
2026-03-23,google,referral,seo_growth,tablet,939,661,3756,27,31077
2026-03-23,linkedin,email,lead_gen_q1,desktop,870,756,3480,24,14544
2026-03-23,google,organic,lead_gen_q1,tablet,1107,987,2214,50,39300
2026-03-23,google,email,seo_growth,tablet,945,793,2835,34,50898
2026-03-23,newsletter,organic,brand_awareness,tablet,373,308,1119,9,9954
2026-03-24,direct,referral,saas_demo,desktop,367,274,1101,59,48498
2026-03-24,newsletter,organic,lead_gen_q1,mobile,656,489,1312,13,16874
2026-03-24,newsletter,referral,lead_gen_q1,desktop,436,344,1308,31,19313
2026-03-24,facebook,email,seo_growth,mobile,731,579,1462,10,6610
2026-03-24,facebook,none,seo_growth,tablet,771,562,3084,20,29820
2026-03-25,direct,none,lead_gen_q1,mobile,712,535,1424,6,8844
2026-03-25,google,paid,lead_gen_q1,mobile,1046,753,2092,12,6144
2026-03-25,newsletter,email,saas_demo,mobile,920,712,3680,46,26956
2026-03-25,linkedin,organic,saas_demo,mobile,144,129,288,46,43884
2026-03-25,newsletter,none,brand_awareness,desktop,187,166,374,15,21690
2026-03-26,linkedin,paid,saas_demo,desktop,160,124,480,16,13792
2026-03-26,newsletter,paid,saas_demo,desktop,1013,888,2026,44,49896
2026-03-26,facebook,none,lead_gen_q1,desktop,943,826,2829,8,4712
2026-03-26,newsletter,organic,brand_awareness,tablet,508,420,2032,20,22900
2026-03-26,newsletter,email,saas_demo,desktop,835,664,2505,27,38718
2026-03-27,google,referral,seo_growth,desktop,653,480,1959,43,31132
2026-03-27,linkedin,organic,lead_gen_q1,tablet,1184,913,4736,19,28443
2026-03-27,linkedin,email,brand_awareness,desktop,593,446,2372,8,10256
2026-03-27,facebook,email,seo_growth,tablet,455,334,1820,25,33125
2026-03-27,linkedin,none,saas_demo,mobile,820,729,3280,14,15064
2026-03-28,linkedin,organic,brand_awareness,mobile,1104,781,2208,19,21204
2026-03-28,facebook,paid,saas_demo,mobile,779,688,1558,56,35448
2026-03-28,google,email,saas_demo,mobile,144,105,576,14,18088
2026-03-28,google,referral,saas_demo,desktop,865,727,3460,30,33000
2026-03-28,direct,referral,lead_gen_q1,tablet,379,339,1516,32,41920
2026-03-29,linkedin,email,lead_gen_q1,desktop,1250,1048,5000,55,47575
2026-03-29,google,email,brand_awareness,tablet,728,616,2184,13,8853
2026-03-29,newsletter,paid,seo_growth,desktop,166,122,498,56,83440
2026-03-29,facebook,paid,seo_growth,tablet,388,297,776,20,17100
2026-03-29,facebook,paid,lead_gen_q1,tablet,1472,1218,4416,33,16863
2026-03-30,google,none,brand_awareness,tablet,238,183,476,51,25551
2026-03-30,direct,referral,brand_awareness,mobile,959,857,2877,36,50472
2026-03-30,linkedin,paid,brand_awareness,mobile,1081,927,4324,46,58696
2026-03-30,google,organic,saas_demo,mobile,168,127,504,21,30954
2026-03-30,google,referral,brand_awareness,tablet,868,635,1736,40,58560
2026-03-31,direct,paid,seo_growth,mobile,163,128,652,15,16815
2026-03-31,newsletter,email,saas_demo,tablet,778,576,1556,31,37603
2026-03-31,newsletter,email,brand_awareness,mobile,676,513,1352,8,7216
2026-03-31,newsletter,none,lead_gen_q1,mobile,211,162,633,10,8010
2026-03-31,google,none,seo_growth,desktop,152,112,608,23,34500
